LBP_P,LBP_R,SVM_kernel,SVM_C,Train_LBP_Time,Val_LBP_Time,Test_LBP_Time,SVM_Time,Validation_Accuracy,Test_Accuracy
8,1,linear,1.0,38.969236850738525,8.30280613899231,8.399870157241821,0.16773748397827148,0.785031847133758,0.7790143084260731
8,1,rbf,1.0,39.95704007148743,9.008899450302124,10.144771814346313,0.24734139442443848,0.804140127388535,0.8060413354531002
8,1,rbf,10.0,41.662980794906616,8.370325803756714,9.094882488250732,0.21825861930847168,0.8073248407643312,0.8251192368839427
16,2,linear,1.0,80.58170223236084,19.927841186523438,16.140366792678833,0.1954033374786377,0.8248407643312102,0.8314785373608903
16,2,rbf,1.0,83.52671074867249,20.750665187835693,19.154967069625854,0.21269559860229492,0.839171974522293,0.834658187599364
16,2,rbf,10.0,86.87763023376465,17.79035782814026,18.20325994491577,0.3439180850982666,0.8710191082802548,0.8600953895071543
